,category,item,sub_cate,url,item_count,state
0,Women’s Clothing,Dresses,Hot Categories,http://www.aliexpress.com/category/200003482/dresses.html?g=y,"506,605",finish
1,Women’s Clothing,Blouses & Shirts,Hot Categories,http://www.aliexpress.com/category/200001648/blouses-shirts.html?g=y,"172,122",finish
2,Women’s Clothing,T-Shirts,Hot Categories,http://www.aliexpress.com/category/100003127/t-shirts.html?g=y,"160,807",finish
3,Women’s Clothing,Tank Tops,Hot Categories,http://www.aliexpress.com/category/100003128/tank-tops.html?g=y,"86,406",finish
4,Women’s Clothing,Jumpsuits & Rompers,Hot Categories,http://www.aliexpress.com/category/200001092/jumpsuits-rompers.html?g=y,"86,314",finish
5,Women’s Clothing,Bra & Brief Sets,Hot Categories,http://www.aliexpress.com/category/100005813/bra-brief-sets.html?g=y,"25,534",finish
6,Women’s Clothing,Skirts,Bottoms,http://www.aliexpress.com/category/100005798/skirts.html?g=y,"111,852",finish
7,Women’s Clothing,Shorts,Bottoms,http://www.aliexpress.com/category/100003163/shorts.html?g=y,"37,781",finish
8,Women’s Clothing,Jeans,Bottoms,http://www.aliexpress.com/category/100003161/jeans.html?g=y,"40,988",finish
9,Women’s Clothing,Pants & Capris,Bottoms,http://www.aliexpress.com/category/100003142/pants-capris.html?g=y,"59,422",finish
10,Women’s Clothing,Leggings,Bottoms,http://www.aliexpress.com/category/200001089/leggings.html?g=y,"70,780",finish
11,Women’s Clothing,Blazers,Outwear & Sweaters,http://www.aliexpress.com/category/200000885/blazers.html?g=y,"16,011",finish
12,Women’s Clothing,Hoodies & Sweatshirts,Outwear & Sweaters,http://www.aliexpress.com/category/100003141/hoodies-sweatshirts.html?g=y,"98,686",finish
13,Women’s Clothing,Basic Jackets,Outwear & Sweaters,http://www.aliexpress.com/category/200000926/basic-jackets.html?g=y,"58,201",finish
14,Women’s Clothing,Trench,Outwear & Sweaters,http://www.aliexpress.com/category/200003458/trench.html?g=y,"22,703",finish
15,Women’s Clothing,Cardigans,Outwear & Sweaters,http://www.aliexpress.com/category/200000877/cardigans.html?g=y,"29,657",finish
16,Women’s Clothing,Pullovers,Outwear & Sweaters,http://www.aliexpress.com/category/200000879/pullovers.html?g=y,"50,859",finish
17,Women’s Clothing,Bras,Intimates & Sleepwear,http://www.aliexpress.com/category/100005805/bras.html?g=y,"38,323",finish
18,Women’s Clothing,Panties,Intimates & Sleepwear,http://www.aliexpress.com/category/200001040/panties.html?g=y,"68,338",finish
19,Women’s Clothing,Shapers,Intimates & Sleepwear,http://www.aliexpress.com/category/200001041/shapers.html?g=y,"38,879",finish
20,Women’s Clothing,Bra & Brief Sets,Intimates & Sleepwear,http://www.aliexpress.com/category/100005813/bra-brief-sets.html?g=y,"25,534",finish
21,Women’s Clothing,Nightgowns & Sleepshirts,Intimates & Sleepwear,http://www.aliexpress.com/category/200001001/nightgowns-sleepshirts.html?g=y,"20,950",finish
22,Women’s Clothing,Pajama Sets,Intimates & Sleepwear,http://www.aliexpress.com/category/200001989/pajama-sets.html?g=y,"21,692",finish
23,Women’s Clothing,Wedding Dresses,Weddings & Events,http://www.aliexpress.com/category/100003269/wedding-dresses.html,"401,730",finish
24,Women’s Clothing,Evening Dresses,Weddings & Events,http://www.aliexpress.com/category/100005792/evening-dresses.html,"251,542",finish
25,Women’s Clothing,Prom Dresses,Weddings & Events,http://www.aliexpress.com/category/100005791/prom-dresses.html,"208,819",finish
26,Women’s Clothing,Bridesmaid Dresses,Weddings & Events,http://www.aliexpress.com/category/100003270/bridesmaid-dresses.html,"79,350",finish
27,Women’s Clothing,Flower Girl Dresses,Weddings & Events,http://www.aliexpress.com/category/100003271/flower-girl-dresses.html,"48,225",finish
28,Women’s Clothing,Cocktail Dresses,Weddings & Events,http://www.aliexpress.com/category/100005790/cocktail-dresses.html,"25,723",finish
29,Women’s Clothing,Sunglasses,Accessories,http://www.aliexpress.com/category/200000750/sunglasses.html?&g=y,"103,634",finish
30,Women’s Clothing,Headwear,Accessories,http://www.aliexpress.com/category/200001996/hair-accessories.html?&g=y,"90,259",finish
31,Women’s Clothing,Baseball Caps,Accessories,http://www.aliexpress.com/category/200001010/baseball-caps.html?&g=y,"5,824",finish
32,Women’s Clothing,Scarves & Wraps,Accessories,http://www.aliexpress.com/category/200000743/scarves.html?&g=y,"129,432",finish
33,Women’s Clothing,Belts,Accessories,http://www.aliexpress.com/category/200003450/belts-cummerbunds.html?g=y,"30,701",finish
34,Women’s Clothing,Skullies & Beanies,Accessories,http://www.aliexpress.com/category/200001020/skullies-beanies.html?&g=y,"20,576",finish
35,Men’s Clothing,Tops & Tees,Tops,http://www.aliexpress.com/category/200000707/tops-tees.html?g=y,"199,120",finish
36,Men’s Clothing,Shirts,Tops,http://www.aliexpress.com/category/200000668/shirts.html?g=y,"84,751",finish
37,Men’s Clothing,Suits & Blazer,Tops,http://www.aliexpress.com/category/200000692/suits-blazers.html?g=y,"56,481",finish
38,Men’s Clothing,Hoodies & Sweatshirts,Tops,http://www.aliexpress.com/category/100003084/hoodies-sweatshirts.html?g=y,"85,156",finish
39,Men’s Clothing,Coats & Jackets,Tops,http://www.aliexpress.com/category/200000662/jackets-coats.html?g=y,"125,542",finish
40,Men’s Clothing,Sweaters,Tops,http://www.aliexpress.com/category/200000701/sweaters.html?g=y,"17,702",finish
41,Men’s Clothing,Pants,Bottoms,http://www.aliexpress.com/category/100003085/pants.html?g=y,"47,439",finish
42,Men’s Clothing,Shorts,Bottoms,http://www.aliexpress.com/category/100003088/shorts.html?g=y,"32,280",finish
43,Men’s Clothing,Jeans,Bottoms,http://www.aliexpress.com/category/100003086/jeans.html?g=y,"40,504",finish
44,Men’s Clothing,Underwear,Bottoms,http://www.aliexpress.com/category/200000708/underwear.html?g=y,"80,870",finish
45,Men’s Clothing,Board Shorts,Bottoms,http://www.aliexpress.com/category/200000709/board-shorts.html?g=y,"8,770",finish
46,Men’s Clothing,Socks,Bottoms,http://www.aliexpress.com/category/200003491/socks.html?g=y,"24,823",finish
47,Men’s Clothing,Down Jackets,Winter Style,http://www.aliexpress.com/category/200003467/down-jackets.html?g=y,"7,348",finish
48,Men’s Clothing,Jackets,Winter Style,http://www.aliexpress.com/category/200000664/jackets.html?g=y,"49,194",finish
49,Men’s Clothing,Parkas,Winter Style,http://www.aliexpress.com/category/200118006/parkas.html?g=y,"10,379",finish
50,Men’s Clothing,Leather & Suede,Winter Style,http://www.aliexpress.com/category/200003470/leather-suede.html?g=y,"18,929",finish
51,Men’s Clothing,Printed Hoodies,Winter Style,http://www.aliexpress.com/category/200214266/printed-hoodies.html?g=y,7,finish
52,Men’s Clothing,Suits,Winter Style,http://www.aliexpress.com/category/200000696/suits.html?g=y,"31,807",finish
53,Men’s Clothing,3D Printed T-Shirts,Hot Search,http://www.aliexpress.com/category/200060017/3d-printed-t-shirts.html?g=y,"7,807",finish
54,Men’s Clothing,Denim Shirts,Hot Search,http://www.aliexpress.com/category/200068014/denim-shirts.html?g=y,"5,053",finish
55,Men’s Clothing,Striped Shirts,Hot Search,http://www.aliexpress.com/category/200066008/striped-shirts.html?g=y,"3,640",finish
56,Men’s Clothing,Dot Shirts,Hot Search,http://www.aliexpress.com/category/200068001/dot-shirts.html?g=y,"2,189",finish
57,Men’s Clothing,Costumes,Hot Search,http://www.aliexpress.com/category/200001270/costumes-accessories.html,"362,119",finish
58,Men’s Clothing,Eyewear Frames,Accessories,http://www.aliexpress.com/category/200102011/eyewear-frames.html?g=y,"28,797",finish
59,Men’s Clothing,Baseball Caps,Accessories,http://www.aliexpress.com/category/200000626/baseball-caps.html?g=y,"70,257",finish
60,Men’s Clothing,Scarves,Accessories,http://www.aliexpress.com/category/200000613/scarves.html?g=y,"19,178",finish
61,Men’s Clothing,Belts&Cummerbunds,Accessories,http://www.aliexpress.com/category/200000600/belts-cummerbunds.html?g=y,"35,791",finish
62,Men’s Clothing,Ties & Handkerchiefs,Accessories,http://www.aliexpress.com/category/200000601/ties-handkerchiefs.html?g=y,"51,109",finish
63,Men’s Clothing,Skullies & Beanies,Accessories,http://www.aliexpress.com/category/200000634/skullies-beanies.html?g=y,"26,106",finish
64,Men’s Clothing,Pilot,Sunglasses,http://www.aliexpress.com/category/200000621/sunglasses.html?g=y&pvId=326-200660870,"11,225",finish
65,Men’s Clothing,Wayfarer,Sunglasses,http://www.aliexpress.com/category/200000621/sunglasses.html?g=y&pvId=326-200660875,0,finish
66,Men’s Clothing,Square,Sunglasses,http://www.aliexpress.com/category/200000621/sunglasses.html?g=y&pvId=326-539,"5,856",finish
67,Men’s Clothing,Round,Sunglasses,http://www.aliexpress.com/category/200000621/sunglasses.html?g=y&pvId=326-353,"3,723",finish
68,Men’s Clothing,Oval,Sunglasses,http://www.aliexpress.com/category/200000621/sunglasses.html?g=y&pvId=326-352,"3,934",finish
69,Phones & Accessories,Octa Core,Mobile Phones,http://www.aliexpress.com/category/5090301/mobile-phones.html?pvId=200001044-200658763,"6,330",finish
70,Phones & Accessories,Quad Core,Mobile Phones,http://www.aliexpress.com/category/5090301/mobile-phones.html?pvId=200001044-200005417,"13,475",finish
71,Phones & Accessories,Single SIM Card,Mobile Phones,http://www.aliexpress.com/category/5090301/mobile-phones.html?pvId=200000791-200003798,"7,039",finish
72,Phones & Accessories,Dual SIM Card,Mobile Phones,http://www.aliexpress.com/category/5090301/mobile-phones.html?pvId=200000791-200003799,"20,822",finish
73,Phones & Accessories,3GB RAM,Mobile Phones,http://www.aliexpress.com/category/5090301/mobile-phones.html?site=glo&pvId=200001046-8176,"4,480",finish
74,Phones & Accessories,5.0 Display,Mobile Phones,http://www.aliexpress.com/category/5090301/mobile-phones.html?pvId=200000233-200006049,"8,347",finish
75,Phones & Accessories,Mobile Phone LCDs,Mobile Phone Parts,http://www.aliexpress.com/category/200005298/mobile-phone-lcds.html,"165,829",finish
76,Phones & Accessories,Mobile Phone Batteries,Mobile Phone Parts,http://www.aliexpress.com/category/100003570/mobile-phone-batteries.html,"80,022",finish
77,Phones & Accessories,Mobile Phone Housings,Mobile Phone Parts,http://www.aliexpress.com/category/200005299/mobile-phone-housings.html,"45,676",finish
78,Phones & Accessories,Signal Boosters,Mobile Phone Parts,http://www.aliexpress.com/category/5092201/signal-boosters.html,"11,617",finish
79,Phones & Accessories,SIM Card & Tools,Mobile Phone Parts,http://www.aliexpress.com/category/200003133/sim-card-tools.html,"14,050",finish
80,Phones & Accessories,Pouches,Phone Bags & Cases,http://www.aliexpress.com/category/380230/phone-bags-cases.html?pvId=351-200005254,"203,437",finish
81,Phones & Accessories,Bumper Cases,Phone Bags & Cases,http://www.aliexpress.com/category/380230/phone-bags-cases.html?pvId=351-200005255,"61,202",finish
82,Phones & Accessories,Waterproof Cases,Phone Bags & Cases,http://www.aliexpress.com/category/380230/phone-bags-cases.html?pvId=43-708,"9,714",finish
83,Phones & Accessories,Leather Cases,Phone Bags & Cases,http://www.aliexpress.com/category/380230/phone-bags-cases.html?pvId=10-396,"411,874",finish
84,Phones & Accessories,Aluminum Cases,Phone Bags & Cases,http://www.aliexpress.com/category/380230/phone-bags-cases.html?pvId=10-477,"189,534",finish
85,Phones & Accessories,Rhinestone Cases,Phone Bags & Cases,http://www.aliexpress.com/category/380230/phone-bags-cases.html?pvId=351-200005486,"78,770",finish
86,Phones & Accessories,Walkie-Talkies,Walkie-Talkies,http://www.aliexpress.com/category/50906/walkie-talkie.html,"31,806",finish
87,Phones & Accessories,Walkie-Talkie Accessories,Walkie-Talkies,http://www.aliexpress.com/category/200002262/walkie-talkie-accessories.html,"15,758",finish
88,Phones & Accessories,Backup Battery Packs,Mobile Phone Accessories,http://www.aliexpress.com/category/200003132/backup-powers.html,"31,043",finish
89,Phones & Accessories,Screen Protectors,Mobile Phone Accessories,http://www.aliexpress.com/category/200003089/screen-protectors.html,"478,415",finish
90,Phones & Accessories,Mobile Phone Cables,Mobile Phone Accessories,http://www.aliexpress.com/category/100003569/mobile-phone-cables.html,"108,214",finish
91,Phones & Accessories,Chargers,Mobile Phone Accessories,http://www.aliexpress.com/category/100003571/chargers-docks.html,"73,418",finish
92,Phones & Accessories,Holders & Stands,Mobile Phone Accessories,http://www.aliexpress.com/category/5093004/holders-stands.html,"45,625",finish
93,Phones & Accessories,Mobile Phone Lenses,Mobile Phone Accessories,http://www.aliexpress.com/category/200003189/mobile-phone-lenses.html,"10,630",finish
94,Phones & Accessories,Antennas for Communications,Communication Equipment,http://www.aliexpress.com/category/200126001/aaa.html,"100,039",finish
95,Phones & Accessories,Communication Cables,Communication Equipment,http://www.aliexpress.com/category/200126001/aaa.html,"100,039",finish
96,Phones & Accessories,Fiber Optic Equipment,Communication Equipment,http://www.aliexpress.com/category/200126001/aaa.html,"100,039",finish
97,Phones & Accessories,Fixed Wireless Terminals,Communication Equipment,http://www.aliexpress.com/category/200126001/aaa.html,"100,039",finish
98,Computer & Office,Octa Core,Tablets,http://www.aliexpress.com/category/100005062/tablet-pcs.html?pvId=19012-200658763,676,finish
99,Computer & Office,Quad Core,Tablets,http://www.aliexpress.com/category/100005062/tablet-pcs.html?pvId=19012-200005417,"3,836",finish
100,Computer & Office,Dual Core,Tablets,http://www.aliexpress.com/category/100005062/tablet-pcs.html?pvId=19012-8153,"2,078",finish
101,Computer & Office,7.0 Screen,Tablets,http://www.aliexpress.com/category/100005062/tablet-pcs.html?pvId=48-350286,"1,220",finish
102,Computer & Office,9.0 Screen,Tablets,http://www.aliexpress.com/category/100005062/tablet-pcs.html?pvId=48-3501,407,finish
103,Computer & Office,10.0 Screen,Tablets,http://www.aliexpress.com/category/100005062/tablet-pcs.html?pvId=48-1461,"1,028",finish
104,Computer & Office,Laptop Bags & Cases,Tablet & Laptop Accessories,http://www.aliexpress.com/category/380110/laptop-bags-cases.html,"67,463",finish
105,Computer & Office,Laptop Batteries,Tablet & Laptop Accessories,http://www.aliexpress.com/category/100005090/laptop-batteries.html,"116,445",finish
106,Computer & Office,Tablet Accessories,Tablet & Laptop Accessories,http://www.aliexpress.com/category/200002361/tablet-accessories.html,"177,718",finish
107,Computer & Office,Tablet Cases,Tablet & Laptop Accessories,http://www.aliexpress.com/category/200002364/covers-cases.html?shipCountry=US&shipFromCountry=&shipCompanies=&SearchText=&minPrice=8.99&maxPrice=79&minQuantity=&maxQuantity=&isFreeShip=n&isFavorite=n&isRtl=n&isOnSale=n&isBigSale=n&similar_style=n&similar_style_id=&CatId=200002364&needQuery=y&isrefine=y,"74,838",finish
108,Computer & Office,Tablet LCD Screens,Tablet & Laptop Accessories,http://www.aliexpress.com/category/200004396/tablet-lcds-panels.html,"184,638",finish
109,Computer & Office,Surveillance Products,Security & Protection,http://www.aliexpress.com/category/3011/surveillance-products.html,"121,625",finish
110,Computer & Office,Access Control,Security & Protection,http://www.aliexpress.com/category/3030/access-control.html,"56,799",finish
111,Computer & Office,Sensors & Alarms,Security & Protection,http://www.aliexpress.com/category/3008/sensors-alarms.html,"32,880",finish
112,Computer & Office,Workplace Safety Supplies,Security & Protection,http://www.aliexpress.com/category/3007/workplace-safety-supplies.html,"10,319",finish
113,Computer & Office,Emergency Kits,Security & Protection,http://www.aliexpress.com/category/200003251/emergency-kits.html,"1,548",finish
114,Computer & Office,Fire Safety,Security & Protection,http://www.aliexpress.com/category/3009/fire-safety.html,"1,359",finish
115,Computer & Office,USB Flash Drives,Storage Devices,http://www.aliexpress.com/category/711005/usb-flash-drives.html,"42,556",finish
116,Computer & Office,Memory Card,Storage Devices,http://www.aliexpress.com/category/4406/memory-card.html,"6,712",finish
117,Computer & Office,External Hard Drives,Storage Devices,http://www.aliexpress.com/category/100005073/external-hard-drives.html,"1,319",finish
118,Computer & Office,HDD Enclosure,Storage Devices,http://www.aliexpress.com/category/7172/hdd-enclosure.html,"10,065",finish
119,Computer & Office,SSD,Storage Devices,http://www.aliexpress.com/category/100005074/internal-solid-state-disks-ssd.html,"5,063",finish
120,Computer & Office,Printer Supplies,Office Electronics,http://www.aliexpress.com/category/200004733/printer-supplies.html,"785,615",finish
121,Computer & Office,Projectors & Accessories,Office Electronics,http://www.aliexpress.com/category/200002665/projectors-accessories.html,"102,663",finish
122,Computer & Office,3D Printers,Office Electronics,http://www.aliexpress.com/category/200042003/3d-printers.html,"3,026",finish
123,Computer & Office,Printers,Office Electronics,http://www.aliexpress.com/category/2118/printers.html,"7,145",finish
124,Computer & Office,Scanners,Office Electronics,http://www.aliexpress.com/category/200004732/scanners.html,"5,402",finish
125,Computer & Office,Laser Pens,Office Electronics,http://www.aliexpress.com/category/200004731/laser-pens.html,"9,022",finish
126,Computer & Office,Wireless Routers,Networking,http://www.aliexpress.com/category/70803001/wireless-routers.html,"6,308",finish
127,Computer & Office,Network Cards,Networking,http://www.aliexpress.com/category/70803004/network-cards.html,"12,572",finish
128,Computer & Office,3G Modems,Networking,http://www.aliexpress.com/category/200002349/3g-modem.html,"3,175",finish
129,Computer & Office,Modem-Router Combos,Networking,http://www.aliexpress.com/category/200004393/modem-router-combos.html,"2,107",finish
130,Computer & Office,Networking Tools,Networking,http://www.aliexpress.com/category/200003016/networking-tools.html,"8,934",finish
131,Consumer Electronics,Digital Batteries,Accessories & Parts,http://www.aliexpress.com/category/410201/digital-battery.html,"282,565",finish
132,Consumer Electronics,Memory Cards,Accessories & Parts,http://www.aliexpress.com/category/4406/memory-card.html,"6,712",finish
133,Consumer Electronics,Digital Cables,Accessories & Parts,http://www.aliexpress.com/category/200003200/digital-cables.html,"60,902",finish
134,Consumer Electronics,Camera Bags,Accessories & Parts,http://www.aliexpress.com/category/380210/camera-video-bags.html,"43,692",finish
135,Consumer Electronics,Chargers,Accessories & Parts,http://www.aliexpress.com/category/410299/charger.html,"42,649",finish
136,Consumer Electronics,3D Glasses,Accessories & Parts,http://www.aliexpress.com/category/100007533/3d-glasses.html,"24,979",finish
137,Consumer Electronics,TV Boxes,Home Audio & Video,http://www.aliexpress.com/category/5092303/set-top-boxes.html?site=glo&isrefine=y,"31,193",finish
138,Consumer Electronics,TV Receivers,Home Audio & Video,http://www.aliexpress.com/category/100002950/tv-receivers.html,"50,277",finish
139,Consumer Electronics,Projectors & Accessories,Home Audio & Video,http://www.aliexpress.com/category/200002665/projectors-accessories.html,"102,663",finish
140,Consumer Electronics,Audio Amplifiers,Home Audio & Video,http://www.aliexpress.com/w/wholesale-amplifiers.html?CatId=63701,"18,258",finish
141,Consumer Electronics,TV Sticks,Home Audio & Video,http://www.aliexpress.com/category/200004329/tv-stick.html,"5,380",finish
142,Consumer Electronics,Tripod & Accessories,Camera & Photo,http://www.aliexpress.com/category/200002408/tripod-accessories.html,"58,178",finish
143,Consumer Electronics,Sports Action Cameras,Camera & Photo,http://www.aliexpress.com/category/200186010/sports-action-video-cameras.html,"5,777",finish
144,Consumer Electronics,Home Surveillance Cameras,Camera & Photo,http://www.aliexpress.com/category/301102/surveillance-cameras.html,"69,168",finish
145,Consumer Electronics,Digital Cameras,Camera & Photo,http://www.aliexpress.com/category/1909/digital-camera.html,"1,357",finish
146,Consumer Electronics,Lens & Accessories,Camera & Photo,http://www.aliexpress.com/category/200002409/lens-accessories.html,"70,836",busy
147,Consumer Electronics,Camera Drones & Accessories,Camera & Photo,http://www.aliexpress.com/category/200118003/camera-drones-accessories.html,"41,406",finish
148,Consumer Electronics,Earphones & Headphones,Portable Audio & Video,http://www.aliexpress.com/category/63705/earphones-headphones.html,"90,475",finish
149,Consumer Electronics,Speakers,Portable Audio & Video,http://www.aliexpress.com/category/518/speakers.html,"66,745",finish
150,Consumer Electronics,MP3 Players,Portable Audio & Video,http://www.aliexpress.com/category/63710/mp3-player.html,"10,777",finish
151,Consumer Electronics,Microphones,Portable Audio & Video,http://www.aliexpress.com/category/63708/microphones.html,"16,730",finish
152,Consumer Electronics,MP4 Players,Portable Audio & Video,http://www.aliexpress.com/category/63712/mp4-player.html,"1,614",finish
153,Consumer Electronics,Wearable Devices,Smart Electronics,http://www.aliexpress.com/category/200084019/wearable-devices.html,"53,697",finish
154,Consumer Electronics,Smart Home Appliances,Smart Electronics,http://www.aliexpress.com/category/200084020/smart-home.html,"9,083",finish
155,Consumer Electronics,Smart Fitness,Smart Electronics,http://www.aliexpress.com/category/200084021/smart-health.html,"1,458",finish
156,Consumer Electronics,Smart Remote Controls,Smart Electronics,http://www.aliexpress.com/category/200086023/smart-remote-control.html,808,finish
157,Consumer Electronics,Smart Watches,Smart Electronics,http://www.aliexpress.com/category/200010206/smart-watches.html,"33,943",finish
158,Consumer Electronics,Smart Wristbands,Smart Electronics,http://www.aliexpress.com/category/200010207/smart-wristbands.html,"11,513",finish
159,Consumer Electronics,Handheld Game Player,Games,http://www.aliexpress.com/category/180604/handheld-game-player.html,none,finish
160,Consumer Electronics,Video Game Consoles,Games,http://www.aliexpress.com/category/180606/video-game-consoles.html,"2,059",finish
161,Consumer Electronics,Controllers,Games,http://www.aliexpress.com/category/200004496/controllers.html,none,finish
162,Consumer Electronics,PlayStation,Games,http://www.aliexpress.com/category/200004532/playstation.html,154,finish
163,Consumer Electronics,XBOX,Games,http://www.aliexpress.com/category/200004566/xbox.html,141,finish
164,Jewelry & Watches,Necklaces & Pendants,Jewelry Gallery,http://www.aliexpress.com/category/200000109/necklaces-pendants.html?g=y&similar_style=yes&isrefine=y,"208,111",finish
165,Jewelry & Watches,Rings,Jewelry Gallery,http://www.aliexpress.com/category/100006749/rings.html?similar_style=yes&g=y&isrefine=y,"103,362",finish
166,Jewelry & Watches,Fashion Earrings,Jewelry Gallery,http://www.aliexpress.com/category/200000139/earrings.html?g=y&similar_style=yes&isrefine=y,"141,846",finish
167,Jewelry & Watches,Bracelets & Bangels,Jewelry Gallery,http://www.aliexpress.com/category/200000097/bracelets-bangles.html?g=y&similar_style=yes&isrefine=y,"132,397",finish
168,Jewelry & Watches,Jewelry sets,Jewelry Gallery,http://www.aliexpress.com/category/100006750/jewelry-sets.html?g=y&similar_style=yes&isrefine=y,"108,763",finish
169,Jewelry & Watches,Key Chains,Jewelry Gallery,http://www.aliexpress.com/category/200000147/key-chains.html?site=glo&g=y&needQuery=n&similar_style=yes&isrefine=y,"67,783",finish
170,Jewelry & Watches,Body Jewelry,Jewelry Gallery,http://www.aliexpress.com/category/100006741/body-jewelry.html?site=glo&g=y&needQuery=n&similar_style=yes&isrefine=y,"44,688",finish
171,Jewelry & Watches,Hair Jewelry,Jewelry Gallery,http://www.aliexpress.com/category/100006745/hair-jewelry.html?site=glo&g=y&needQuery=n&similar_style=yes&isrefine=y,"69,814",finish
172,Jewelry & Watches,Charms,Jewelry Gallery,http://www.aliexpress.com/category/200000117/charms.html?site=glo&g=y&needQuery=n&similar_style=yes&isrefine=y,"167,473",finish
173,Jewelry & Watches,Jewelry Findings & Components,Beads & DIY Jewelry Making,http://www.aliexpress.com/category/200158005/jewelry-findings-components.html?isrefine=y&site=glo&SortType=default&g=y&tag=&needQuery=n&similar_style=yes,"188,236",finish
174,Jewelry & Watches,Jewelry Packaging & Display,Beads & DIY Jewelry Making,http://www.aliexpress.com/category/200158006/jewelry-packaging-display.html,"66,201",finish
175,Jewelry & Watches,Casual Watches,Men's Watches,http://www.aliexpress.com/category/200214007/casual-watches.html,"73,043",finish
176,Jewelry & Watches,Sports Watches,Men's Watches,http://www.aliexpress.com/category/200214011/sports-watches.html,"21,311",finish
177,Jewelry & Watches,Business Watches,Men's Watches,http://www.aliexpress.com/category/200214012/business-watches.html,"22,890",finish
178,Jewelry & Watches,Brand Watches,Men's Watches,http://www.aliexpress.com/category/200214021/brand-watches.html,"6,896",finish
179,Jewelry & Watches,Antique Watches,Men's Watches,http://www.aliexpress.com/category/200214008/antique-watches.html,763,finish
180,Jewelry & Watches,Fashion Watches,Women's Watches,http://www.aliexpress.com/category/200214036/fashion-watches.html,"110,091",finish
181,Jewelry & Watches,Brand Watches,Women's Watches,http://www.aliexpress.com/category/200214046/brand-watches.html,"4,048",finish
182,Jewelry & Watches,Sports Watches,Women's Watches,http://www.aliexpress.com/category/200214041/sports-watches.html,"1,985",finish
183,Jewelry & Watches,Dress Watches,Women's Watches,http://www.aliexpress.com/category/200214032/dress-watches.html,"16,238",finish
184,Jewelry & Watches,Women's Bracelet Watches,Women's Watches,http://www.aliexpress.com/category/200214074/women-bracelet-watches.html,"10,275",finish
185,Jewelry & Watches,Children’s Brand Watches,Women's Watches,http://www.aliexpress.com/category/200215096/children-brand-watch.html?g=y,1,finish
186,Jewelry & Watches,925 Sterling Silver,Fine Jewelry,http://www.aliexpress.com/category/200188001/fine-jewelry.html?CatId=200188001&g=y&pvId=100005859-347&isrefine=y,"20,952",finish
187,Jewelry & Watches,Pearl,Fine Jewelry,http://www.aliexpress.com/category/200188001/fine-jewelry.html?g=y&pvId=20252-826&isrefine=y,"5,076",finish
188,Jewelry & Watches,Yellow Gold,Fine Jewelry,http://www.aliexpress.com/category/200188001/fine-jewelry.html?site=glo&g=y&needQuery=n&pvId=100005859-361395&isrefine=y,"1,937",finish
189,Jewelry & Watches,Wedding Bands,Wedding & Engagement Jewelry,http://www.aliexpress.com/category/200000163/wedding-bands.html,"72,305",finish
190,Jewelry & Watches,Engagement Rings,Wedding & Engagement Jewelry,http://www.aliexpress.com/category/200000164/engagement-rings.html?site=glo&g=y&needQuery=n&pvId=20257-200001892&isrefine=y,"16,299",finish
191,Jewelry & Watches,Bridal Jewelry Sets,Wedding & Engagement Jewelry,http://www.aliexpress.com/category/200001025/bridal-jewelry-sets.html,"120,085",finish
192,Jewelry & Watches,Men’s Jewelry,Wedding & Engagement Jewelry,http://www.aliexpress.com/category/200000148/men-jewelry.html,"152,376",finish
193,Jewelry & Watches,Tie Clips & Cufflinks,Wedding & Engagement Jewelry,http://www.aliexpress.com/category/200000160/tie-clips-cufflinks.html?site=glo&g=y&needQuery=n&similar_style=yes&isrefine=y,"6,273",finish
194,Jewelry & Watches,Brooches,Wedding & Engagement Jewelry,http://www.aliexpress.com/category/100006748/brooches.html?g=y&similar_style=yes&isrefine=y,"66,793",finish
195,Jewelry & Watches,Heart Jewelry,Wedding & Engagement Jewelry,http://www.aliexpress.com/category/200003931/heart-jewelry.html,"699,065",finish
196,Jewelry & Watches,Statement Jewelry,Wedding & Engagement Jewelry,http://www.aliexpress.com/category/200003898/statement-jewelry.html,"205,819",finish
197,Home & Garden,Bakeware,"Kitchen,Dining & bar",http://www.aliexpress.com/category/100005652/bakeware.html?spm=2114.01010108.0.321.UMcB85&site=glo&shipCountry=us&g=y&tag=,"70,353",finish
198,Home & Garden,Cooking Tools,"Kitchen,Dining & bar",http://www.aliexpress.com/category/100004817/cooking-tools.html?spm=2114.01010108.0.321.B3l6zC&site=glo&shipCountry=us&g=y&tag=,"113,550",finish
199,Home & Garden,Drinkware,"Kitchen,Dining & bar",http://www.aliexpress.com/category/100004817/cooking-tools.html?spm=2114.01010108.0.321.B3l6zC&site=glo&shipCountry=us&g=y&tag=,"113,550",finish
200,Home & Garden,Kitchen Knives & Accessories,"Kitchen,Dining & bar",http://www.aliexpress.com/category/100004936/kitchen-knives-accessories.html?spm=2114.01010108.0.322.XMhHaS&site=glo&shipCountry=us&g=y&tag=,"24,605",finish
201,Home & Garden,Dinnerware,"Kitchen,Dining & bar",http://www.aliexpress.com/category/100004988/dinnerware.html?spm=2114.01010108.0.322.OGnAqK&site=glo&shipCountry=us&g=y&tag=,"27,043",finish
202,Home & Garden,Barware,"Kitchen,Dining & bar",http://www.aliexpress.com/category/100004809/barware.html?spm=2114.01010108.0.321.q48eI5&site=glo&shipCountry=us&g=y&tag=,"25,424",finish
203,Home & Garden,Apparel Sewing & Fabric,"Arts,Crafts & Sewing",http://www.aliexpress.com/category/200168001/apparel-sewing-fabric.html?spm=2114.01010108.0.322.76cYcV&site=glo&shipCountry=US&g=y&tag=,"233,504",finish
204,Home & Garden,Diamond Painting Cross Stitch,"Arts,Crafts & Sewing",http://www.aliexpress.com/category/200194007/diamond-painting-cross-stitch.html?spm=2114.01010108.0.323.VvAsrQ&site=glo&shipCountry=US&g=y&tag=,"326,415",finish
205,Home & Garden,Cross-Stitch,"Arts,Crafts & Sewing",http://www.aliexpress.com/category/200188007/cross-stitch.html?spm=2114.01010108.0.322.ireTB0&site=glo&shipCountry=US&g=y&tag=,"61,886",finish
206,Home & Garden,Ribbons,"Arts,Crafts & Sewing",http://www.aliexpress.com/category/32809/ribbons.html?spm=2114.01010108.0.323.msezKX&site=glo&shipCountry=US&g=y&tag=,"238,469",finish
207,Home & Garden,Fabric,"Arts,Crafts & Sewing",http://www.aliexpress.com/category/200003017/fabric.html?spm=2114.01010108.0.323.cm6DcL&site=glo&shipCountry=US&g=y&tag=,"232,472",finish
208,Home & Garden,Lace,"Arts,Crafts & Sewing",http://www.aliexpress.com/category/3280502/lace.html?spm=2114.01010108.0.323.G4PceO&site=glo&shipCountry=US&g=y&tag=,"422,208",finish
209,Home & Garden,Wall Sticker,Home Decor,http://www.aliexpress.com/category/200002937/wall-stickers.html,"155,774",finish
210,Home & Garden,Decoration Crafts,Home Decor,http://www.aliexpress.com/category/200192001/decorative-crafts.html?spm=2114.20011008.3.11.pxLW40&site=glo,"458,723",finish
211,Home & Garden,Painting & Calligraphy,Home Decor,http://www.aliexpress.com/category/1704/painting-calligraphy.html,"791,475",finish
212,Home & Garden,Clocks,Home Decor,http://www.aliexpress.com/category/1528/clocks.html,"82,454",finish
213,Home & Garden,Photo Albums,Home Decor,http://www.aliexpress.com/category/1905/photo-albums.html,"7,866",finish
214,Home & Garden,Wallpapers,Home Decor,http://www.aliexpress.com/category/1303/wallpapers.html?spm=2114.01010108.0.322.DCs1IA&site=glo&shipCountry=us&g=y&tag=,"127,593",finish
215,Home & Garden,Event & Party Supplies,Festive & Party Supplies,http://www.aliexpress.com/category/100002995/event-party-supplies.html?spm=2114.01010108.0.322.mxCEw2&site=glo&shipCountry=US&g=y&tag=,"161,654",finish
216,Home & Garden,Christmas Decoration Supplies,Festive & Party Supplies,http://www.aliexpress.com/category/100002994/christmas-decoration-supplies.html?spm=2114.01010108.0.322.LV3vsX&site=glo&shipCountry=US&g=y&tag=,"34,791",finish
217,Home & Garden,Decorative Flowers & Wreaths,Festive & Party Supplies,http://www.aliexpress.com/category/100002993/decorative-flowers-wreaths.html?spm=2114.01010108.0.322.LrOFIR&site=glo&shipCountry=US&g=y&tag=,"96,891",finish
218,Home & Garden,Party Masks,Festive & Party Supplies,http://www.aliexpress.com/category/100002997/party-masks.html?spm=2114.01010108.0.321.OvRsqr&site=glo&shipCountry=US&g=y&tag=,"28,403",finish
219,Home & Garden,Christmas Tree Ornament,Festive & Party Supplies,http://www.aliexpress.com/category/100002994/christmas-decoration-supplies.html?site=glo&shipCountry=US&g=y&needQuery=n&pvId=100003208-100009860,"11,415",finish
220,Home & Garden,Indoor Christmas Decoration,Festive & Party Supplies,http://www.aliexpress.com/category/100002994/christmas-decoration-supplies.html?site=glo&shipCountry=US&g=y&needQuery=n&pvId=100003208-100009865,"8,847",finish
221,Home & Garden,Bedding Sets,Home Textile,http://www.aliexpress.com/category/40601/bedding-sets.html,"75,577",finish
222,Home & Garden,Curtains,Home Textile,http://www.aliexpress.com/category/40502/curtains.html,"39,632",finish
223,Home & Garden,Towels,Home Textile,http://www.aliexpress.com/category/403/towels.html,"3,238",finish
224,Home & Garden,Cushion Cover,Home Textile,http://www.aliexpress.com/category/40507/cushion-cover.html,"72,569",finish
225,Home & Garden,Pillows,Home Textile,http://www.aliexpress.com/category/40603/pillows.html,"8,856",finish
226,Home & Garden,Comforter,Home Textile,http://www.aliexpress.com/category/100000930/comforter.html,"3,396",finish
227,Home & Garden,Dogs,Pet Products,http://www.aliexpress.com/category/200002885/dogs.html?site=glo&shipCountry=US&g=y&needQuery=n,"159,985",finish
228,Home & Garden,Dog Collars & Leads,Pet Products,http://www.aliexpress.com/category/200002888/dog-collars-leads.html?site=glo&shipCountry=US&g=y&needQuery=n,"35,320",finish
229,Home & Garden,Clothing & Shoes,Pet Products,http://www.aliexpress.com/category/200036008/clothing-shoes.html?site=glo&shipCountry=US&g=y&needQuery=n,"71,965",finish
230,Home & Garden,Cats,Pet Products,http://www.aliexpress.com/category/200002071/cats.html?site=glo&shipCountry=US&g=y&needQuery=n,"12,183",finish
231,Home & Garden,Fish & Aquatic Pets,Pet Products,http://www.aliexpress.com/category/200002906/fish-aquatic-pets.html?site=glo&shipCountry=US&g=y&needQuery=n,"40,263",finish
232,Home & Garden,Birds,Pet Products,http://www.aliexpress.com/category/200002064/birds.html?site=glo&shipCountry=US&g=y&needQuery=n,"9,451",finish
233,Bags & Shoes,Shoulder Bags,Women's Luggage & Bags,http://www.aliexpress.com/category/200000764/shoulder-bags.html?g=y,"162,218",finish
234,Bags & Shoes,Top-Handle Bags,Women's Luggage & Bags,http://www.aliexpress.com/category/200000766/top-handle-bags.html?g=y,"84,661",finish
235,Bags & Shoes,Crossbody Bags,Women's Luggage & Bags,http://www.aliexpress.com/category/100002612/crossbody-bags.html?g=y,"52,376",finish
236,Bags & Shoes,Wallets,Women's Luggage & Bags,http://www.aliexpress.com/category/152405/wallets.html?g=y,"74,201",finish
237,Bags & Shoes,Backpacks,Women's Luggage & Bags,http://www.aliexpress.com/category/152401/backpacks.html?g=y,"54,721",finish
238,Bags & Shoes,Clutches,Women's Luggage & Bags,http://www.aliexpress.com/category/200000762/clutches.html?g=y,"27,885",finish
239,Bags & Shoes,Coin Purses & Holders,Women's Luggage & Bags,http://www.aliexpress.com/category/3803/coin-purses-holders.html?g=y,"32,148",finish
240,Bags & Shoes,Men’s Crossbody Bags,Men's Luggage & Bags,http://www.aliexpress.com/category/200010066/crossbody-bags.html?g=y,"41,151",finish
241,Bags & Shoes,Men’s Backpacks,Men's Luggage & Bags,http://www.aliexpress.com/category/200010058/backpacks.html?g=y,"67,979",finish
242,Bags & Shoes,Men’s Wallets,Men's Luggage & Bags,http://www.aliexpress.com/category/200010071/wallets.html?g=y,"54,282",finish
243,Bags & Shoes,Luggage & Travel Bags,Men's Luggage & Bags,http://www.aliexpress.com/category/152404/luggage-travel-bags.html?g=y,"21,890",finish
244,Bags & Shoes,Casual Shoes,Women's Shoes,http://www.aliexpress.com/category/200002164/women-fashion-sneakers.html?g=y,"107,648",finish
245,Bags & Shoes,Sandals,Women's Shoes,http://www.aliexpress.com/category/100001611/sandals.html?g=y,"131,726",finish
246,Bags & Shoes,Pumps,Women's Shoes,http://www.aliexpress.com/category/200002161/pumps.html?g=y,"324,765",finish
247,Bags & Shoes,Flats,Women's Shoes,http://www.aliexpress.com/category/200002155/flats.html?g=y,"119,429",finish
248,Bags & Shoes,Boots,Women's Shoes,http://www.aliexpress.com/category/100001607/boots.html,"311,067",finish
249,Bags & Shoes,Slippers,Women's Shoes,http://www.aliexpress.com/category/100001610/slippers.html?g=y,"7,842",finish
250,Bags & Shoes,Mules & Clogs,Women's Shoes,http://www.aliexpress.com/category/100001612/mules-clogs.html?g=y,428,finish
251,Bags & Shoes,Casual Shoes,Men's Shoes,http://www.aliexpress.com/category/200002136/men-fashion-sneakers.html?g=y,"128,028",finish
252,Bags & Shoes,Sandals,Men's Shoes,http://www.aliexpress.com/category/100001619/sandals.html?g=y,"22,341",finish
253,Bags & Shoes,Flats,Men's Shoes,http://www.aliexpress.com/category/200002253/flats.html?g=y,"85,484",finish
254,Bags & Shoes,Boots,Men's Shoes,http://www.aliexpress.com/category/100001617/boots.html?g=y,"33,973",busy
255,Bags & Shoes,Slippers,Men's Shoes,http://www.aliexpress.com/category/100001618/slippers.html?g=y,"4,966",finish
256,Bags & Shoes,Mules & Clogs,Men's Shoes,http://www.aliexpress.com/category/100001620/mules-clogs.html?g=y,438,finish
257,Bags & Shoes,Red Bottom High Heels,Shoes Hot Categories,http://www.aliexpress.com/category/200142004/red-bottom-high-heels.html?g=y,"11,649",finish
258,Bags & Shoes,Gladiator Sandals,Shoes Hot Categories,http://www.aliexpress.com/category/200158001/gladiator-sandals.html?g=y,"81,767",finish
259,Bags & Shoes,Basic Flats,Shoes Hot Categories,http://www.aliexpress.com/category/200154002/basic-flats.html?g=y,"63,749",finish
260,Bags & Shoes,Flip Flops,Shoes Hot Categories,http://www.aliexpress.com/category/200158003/flip-flops.html?g=y,"26,685",finish
261,Bags & Shoes,Men’s Boat Shoes,Shoes Hot Categories,http://www.aliexpress.com/category/200002253/flats.html?pvId=200000490-200002396&g=y,"85,484",finish
262,Bags & Shoes,Men’s Oxfords,Shoes Hot Categories,http://www.aliexpress.com/category/200002253/flats.html?g=y&pvId=200000490-4605,"85,484",finish
263,Bags & Shoes,Genuine Leather Flats,Shoes Hot Categories,http://www.aliexpress.com/category/200002253/flats.html?tagId=424584,"85,484",finish
264,Bags & Shoes,Candy Color Bags,Bags Hot Categories,http://www.aliexpress.com/category/200138009/candy-color-bags.html?g=y,0,finish
265,Bags & Shoes,Rivet Crossbody Bags,Bags Hot Categories,http://www.aliexpress.com/category/200138012/rivet-crossbody-bags.html?g=y,0,finish
266,Bags & Shoes,Solid Shoulder Bags,Bags Hot Categories,http://www.aliexpress.com/category/200142001/solid-shoulder-bags.html?g=y,"102,524",finish
267,Bags & Shoes,Day Clutches,Bags Hot Categories,http://www.aliexpress.com/category/200142002/day-clutches.html?g=y,"23,483",finish
268,Bags & Shoes,Fashion Backpacks,Bags Hot Categories,http://www.aliexpress.com/category/200138013/fashion-backpacks.html?g=y,"23,258",busy
269,Bags & Shoes,Kids & Baby’s Bags,Bags Hot Categories,http://www.aliexpress.com/category/200066014/kids-baby-bags.html?g=y,"21,616",finish
270,"Toys, Kids & Baby",Baby Dresses,Baby Clothing,http://www.aliexpress.com/category/100003257/dresses.html,"25,146",busy
271,"Toys, Kids & Baby",Baby Rompers,Baby Clothing,http://www.aliexpress.com/category/200000744/bodysuits-one-pieces.html?g=y,"61,124",finish
272,"Toys, Kids & Baby",Clothing Sets,Baby Clothing,http://www.aliexpress.com/category/200000756/clothing-sets.html?g=y,"42,069",finish
273,"Toys, Kids & Baby",Baby Outerwear,Baby Clothing,http://www.aliexpress.com/category/200000778/outerwear-coats.html?g=y,"3,982",finish
274,"Toys, Kids & Baby",Baby Pants,Baby Clothing,http://www.aliexpress.com/category/200000548/pants.html?g=y,"4,297",finish
275,"Toys, Kids & Baby",Baby Accessories,Baby Clothing,http://www.aliexpress.com/category/200000568/accessories.html?g=y,"68,674",busy
276,"Toys, Kids & Baby",RC Helicopters,Toys & Hobbies,http://www.aliexpress.com/category/200002651/rc-helicopters.html?g=y,"11,338",finish
277,"Toys, Kids & Baby",Stuffed Animals & Plush,Toys & Hobbies,http://www.aliexpress.com/category/100001669/stuffed-plush-animals.html?g=y,"90,623",finish
278,"Toys, Kids & Baby",Action Figures,Toys & Hobbies,http://www.aliexpress.com/category/2621/action-toy-figures.html?g=y,"133,605",finish
279,"Toys, Kids & Baby",Blocks,Toys & Hobbies,http://www.aliexpress.com/category/2622/blocks.html?g=y,"131,676",finish
280,"Toys, Kids & Baby",Outdoor Fun & Sports,Toys & Hobbies,http://www.aliexpress.com/category/100001623/outdoor-fun-sports.html?g=y,"28,249",finish
281,"Toys, Kids & Baby",Dresses,Girls Clothing,http://www.aliexpress.com/category/100005782/dresses.html,"270,169",busy
282,"Toys, Kids & Baby",Clothing Sets,Girls Clothing,http://www.aliexpress.com/category/100003232/clothing-sets.html?g=y,"157,646",finish
283,"Toys, Kids & Baby",Tops & Tees,Girls Clothing,http://www.aliexpress.com/category/200000872/tops-tees.html?g=y,"74,498",finish
284,"Toys, Kids & Baby",Swimwear,Girls Clothing,http://www.aliexpress.com/category/200000871/swimwear.html?g=y,none,finish
285,"Toys, Kids & Baby",Accessories,Girls Clothing,http://www.aliexpress.com/category/200000857/accessories.html?g=y,"149,104",busy
286,"Toys, Kids & Baby",Family Matching Outfits,Girls Clothing,http://www.aliexpress.com/category/200166001/family-matching-outfits.html?g=y,"24,669",busy
287,"Toys, Kids & Baby",Baby First Walkers,Shoes & Bags,http://www.aliexpress.com/category/200002106/first-walkers.html?g=y,"104,880",idle
288,"Toys, Kids & Baby",Girl’s Shoes,Shoes & Bags,http://www.aliexpress.com/category/200002107/girls.html?g=y,"103,008",finish
289,"Toys, Kids & Baby",Boy’s Shoes,Shoes & Bags,http://www.aliexpress.com/category/200002104/boys.html?g=y,"65,735",idle
290,"Toys, Kids & Baby",School Bags,Shoes & Bags,http://www.aliexpress.com/category/380520/school-bags.html?g=y,"20,767",finish
291,"Toys, Kids & Baby",Kid’s Wallets,Shoes & Bags,http://www.aliexpress.com/category/200084042/purses-wallets.html?g=y,809,finish
292,"Toys, Kids & Baby",Clothing Sets,Boys Clothing,http://www.aliexpress.com/category/100003196/clothing-sets.html?g=y,"98,816",finish
293,"Toys, Kids & Baby",T-Shirts,Boys Clothing,http://www.aliexpress.com/category/100003187/t-shirts.html?g=y,"66,682",finish
294,"Toys, Kids & Baby",Hoodies & Sweatshirts,Boys Clothing,http://www.aliexpress.com/category/100003191/hoodies-sweatshirts.html?g=y,"12,210",finish
295,"Toys, Kids & Baby",Outerwear & Coats,Boys Clothing,http://www.aliexpress.com/category/200000846/outerwear-coats.html?g=y,"30,058",idle
296,"Toys, Kids & Baby",Jeans,Boys Clothing,http://www.aliexpress.com/category/100003198/jeans.html?g=y,"8,390",finish
297,"Toys, Kids & Baby",Accessories,Boys Clothing,http://www.aliexpress.com/category/200000840/accessories.html?g=y,"31,613",idle
298,"Toys, Kids & Baby",Nappy Changing,Baby & Mother,http://www.aliexpress.com/category/200002433/nappy-changing.html?g=y,"26,492",idle
299,"Toys, Kids & Baby",Activity & Gear,Baby & Mother,http://www.aliexpress.com/category/200003594/activity-gear.html?g=y,"28,920",finish
300,"Toys, Kids & Baby",Baby Care,Baby & Mother,http://www.aliexpress.com/category/100001118/baby-care.html?g=y,"43,132",finish
301,"Toys, Kids & Baby",Backpacks & Carriers,Baby & Mother,http://www.aliexpress.com/category/200003604/backpacks-carriers.html?g=y,"6,798",finish
302,"Toys, Kids & Baby",Maternity,Baby & Mother,http://www.aliexpress.com/category/200000774/maternity.html?g=y,"72,050",finish
303,Sports & Outdoors,Bikinis Set,Swimming,http://www.aliexpress.com/category/200214496/bikinis-set.html,"88,873",finish
304,Sports & Outdoors,One-Piece Suits,Swimming,http://www.aliexpress.com/category/200005189/one-piece-suits.html,"32,287",finish
305,Sports & Outdoors,Two-Piece Suits,Swimming,http://www.aliexpress.com/category/200005191/two-piece-suits.html,"6,495",idle
306,Sports & Outdoors,Cover-Ups,Swimming,http://www.aliexpress.com/category/200215171/cover-ups.html,"7,533",finish
307,Sports & Outdoors,Men's Swimwear,Swimming,http://www.aliexpress.com/category/200001228/men-swimwear.html,"8,507",finish
308,Sports & Outdoors,Children's Swimwear,Swimming,http://www.aliexpress.com/category/200001188/children-swimwear.html,"4,251",finish
309,Sports & Outdoors,Bicycle,Cycling,http://www.aliexpress.com/category/1204/bicycle.html,"2,727",finish
310,Sports & Outdoors,Bicycle Frame,Cycling,http://www.aliexpress.com/category/122203/bicycle-frame.html,"12,205",finish
311,Sports & Outdoors,Bicycle Lights,Cycling,http://www.aliexpress.com/category/122803/bicycle-light.html,"14,288",finish
312,Sports & Outdoors,Bicycle Helmet,Cycling,http://www.aliexpress.com/category/100002927/bicycle-helmet.html,"4,775",finish
313,Sports & Outdoors,Cycling Jersey,Cycling,http://www.aliexpress.com/category/200005098/sports-jerseys.html,"33,274",finish
314,Sports & Outdoors,Cycling Eyewear,Cycling,http://www.aliexpress.com/category/200005091/cycling-eyewear.html,"5,242",finish
315,Sports & Outdoors,Running Shoes,Sneakers,http://www.aliexpress.com/category/200100002/running-shoes.html,"9,162",finish
316,Sports & Outdoors,Hiking Shoes,Sneakers,http://www.aliexpress.com/category/200100001/hiking-shoes.html,"3,598",finish
317,Sports & Outdoors,Soccer Shoes,Sneakers,http://www.aliexpress.com/category/200110013/soccer-shoes.html,"2,286",finish
318,Sports & Outdoors,Skateboarding Shoes,Sneakers,http://www.aliexpress.com/category/200102005/skateboarding-shoes.html,"4,178",finish
319,Sports & Outdoors,Dance Shoes,Sneakers,http://www.aliexpress.com/category/200098003/dance-shoes.html,"6,617",finish
320,Sports & Outdoors,Basketball Shoes,Sneakers,http://www.aliexpress.com/category/200096002/basketball-shoes.html,"2,542",finish
321,Sports & Outdoors,Fishing Reels,Fishing,http://www.aliexpress.com/category/100005451/fishing-reels.html,"19,250",finish
322,Sports & Outdoors,Fishing Lures,Fishing,http://www.aliexpress.com/category/100005453/fishing-lures.html,"96,318",finish
323,Sports & Outdoors,Fishing Lines,Fishing,http://www.aliexpress.com/category/100005450/fishing-lines.html,"10,334",idle
324,Sports & Outdoors,Fishing Rods,Fishing,http://www.aliexpress.com/category/100005452/fishing-rods.html,"13,969",idle
325,Sports & Outdoors,Rod Comb,Fishing,http://www.aliexpress.com/category/200110004/rod-combo.html,521,finish
326,Sports & Outdoors,Fishing Tackle Boxes,Fishing,http://www.aliexpress.com/category/100005455/fishing-tackle-boxes.html,"9,598",idle
327,Sports & Outdoors,Jersey,Sportswear,http://www.aliexpress.com/category/200214366/jerseys.html,"61,980",idle
328,Sports & Outdoors,Hiking Jackets,Sportswear,http://www.aliexpress.com/category/200005078/hiking-jackets.html,"9,326",idle
329,Sports & Outdoors,Pants,Sportswear,http://www.aliexpress.com/category/200214344/pants.html,"21,912",idle
330,Sports & Outdoors,Shorts,Sportswear,http://www.aliexpress.com/category/200214345/shorts.html,"17,537",idle
331,Sports & Outdoors,Sports Bags,Sportswear,http://www.aliexpress.com/category/200214332/sports-bags.html,593,finish
332,Sports & Outdoors,Sports Accessories,Sportswear,http://www.aliexpress.com/category/200214370/sport-accessories.html,"149,863",finish
333,Sports & Outdoors,Camping & Hiking,Other Sports Equipment,http://www.aliexpress.com/category/100005433/camping-hiking.html,"161,967",idle
334,Sports & Outdoors,Hunting,Other Sports Equipment,http://www.aliexpress.com/category/100005471/hunting.html,"109,674",idle
335,Sports & Outdoors,Golf,Other Sports Equipment,http://www.aliexpress.com/category/100005322/golf.html,"14,855",idle
336,Sports & Outdoors,Fitness & Bodybuilding,Other Sports Equipment,http://www.aliexpress.com/category/100005259/fitness-body-building.html,"57,492",idle
337,Sports & Outdoors,Skiing & Snowboarding,Other Sports Equipment,http://www.aliexpress.com/category/100005599/skiing-snowboarding.html,"14,354",idle
338,Sports & Outdoors,Musical Instruments,Other Sports Equipment,http://www.aliexpress.com/category/100005383/musical-instruments.html,"249,577",idle
339,Health & Beauty,Human Hair,Hair & Accessories,http://www.aliexpress.com/category/200004934/human-hair.html?g=y,"5,521,907",idle
340,Health & Beauty,Fusion Hair Extensions,Hair & Accessories,http://www.aliexpress.com/premium/category/200004943.html?site=glo&g=y,"2,892",idle
341,Health & Beauty,Clip in Hair Extensions,Hair & Accessories,http://www.aliexpress.com/category/200004942/clip-in-hair-extensions.html?g=y,"5,915",idle
342,Health & Beauty,colorful hair,Hair & Accessories,http://www.aliexpress.com/category/200184001/colorful-hair-extension.html?g=y,"4,331",idle
343,Health & Beauty,browse by brands,Hair & Accessories,http://www.aliexpress.com/premium/category/200010027.html?site=glo&g=y,"6,858",idle
344,Health & Beauty,Hair Weft with Closure,Hair & Accessories,http://www.aliexpress.com/category/200014001/hair-weft-with-closure.html?g=y,"43,804",idle
345,Health & Beauty,Synthetic Hair,Synthetic & Blended Hair,http://www.aliexpress.com/category/200004950/synthetic-hair.html?g=y,"608,055",idle
346,Health & Beauty,Synthetic Wigs,Synthetic & Blended Hair,http://www.aliexpress.com/category/200004965/wigs.html?g=y,"568,114",idle
347,Health & Beauty,Synthetic Hair Extension,Synthetic & Blended Hair,http://www.aliexpress.com/category/200004956/hair-extension.html?g=y,"23,035",idle
348,Health & Beauty,Blended Hair Weaves,Synthetic & Blended Hair,http://www.aliexpress.com/category/200004929/hair-weaves.html?g=y,"15,668",idle
349,Health & Beauty,Blended Hair Wigs,Synthetic & Blended Hair,http://www.aliexpress.com/category/200004932/wigs.html?g=y,"16,599",idle
350,Health & Beauty,Blended Hair Extension,Synthetic & Blended Hair,http://www.aliexpress.com/category/200004923/hair-extension.html?g=y,"11,347",idle
351,Health & Beauty,Beauty Essentials,Makeup,http://www.aliexpress.com/category/200074001/beauty-essentials.html?g=y,"184,862",idle
352,Health & Beauty,Eyes,Makeup,http://www.aliexpress.com/category/200002517/eyes.html?g=y,"46,574",idle
353,Health & Beauty,Makeup Tools & Accessories,Makeup,http://www.aliexpress.com/category/200002536/makeup-tools-accessories.html?g=y,"139,882",idle
354,Health & Beauty,Face,Makeup,http://www.aliexpress.com/category/200002523/face.html?g=y,"25,773",idle
355,Health & Beauty,Lips,Makeup,http://www.aliexpress.com/category/200002529/lips.html?g=y,"26,499",idle
356,Health & Beauty,Makeup Sets,Makeup,http://www.aliexpress.com/category/66010313/makeup-sets.html?g=y,"3,834",idle
357,Health & Beauty,Nail Art,Nail Art & Tools,http://www.aliexpress.com/category/200002550/nail-art.html,"226,254",idle
358,Health & Beauty,Nail Gel,Nail Art & Tools,http://www.aliexpress.com/category/200002555/nail-gel.html,"29,441",idle
359,Health & Beauty,Nail Polish,Nail Art & Tools,http://www.aliexpress.com/category/200002556/nail-polish.html,"7,397",idle
360,Health & Beauty,Nail Tools,Nail Art & Tools,http://www.aliexpress.com/category/200002577/nail-tools.html,"93,112",idle
361,Health & Beauty,False Nails,Nail Art & Tools,http://www.aliexpress.com/category/200002549/false-nails.html,"17,418",idle
362,Health & Beauty,Acrylic Powders & Liquids,Nail Art & Tools,http://www.aliexpress.com/category/200002548/acrylic-powders-liquids.html,"1,325",idle
363,Health & Beauty,Health Care,Skin Care,http://www.aliexpress.com/category/200002496/health-care.html?g=y,"148,247",idle
364,Health & Beauty,Face,Skin Care,http://www.aliexpress.com/category/200002599/face.html?g=y,"77,594",idle
365,Health & Beauty,Sun,Skin Care,http://www.aliexpress.com/category/200002605/sun.html?g=y,"34,607",idle
366,Health & Beauty,Slimming Creams,Skin Care,http://www.aliexpress.com/category/200002507/slimming-creams.html?g=y,"17,633",idle
367,Health & Beauty,Essential Oil,Skin Care,http://www.aliexpress.com/category/16080702/essential-oil.html?g=y,"8,572",idle
368,Health & Beauty,Massage & Relaxation,Skin Care,http://www.aliexpress.com/category/200002503/massage-relaxation.html?g=y,"68,528",idle
369,Health & Beauty,Hair Scissors,Hair Care & Styling,http://www.aliexpress.com/category/200002485/hair-scissors.html?g=y,"16,534",idle
370,Health & Beauty,Straightening Irons,Hair Care & Styling,http://www.aliexpress.com/category/200002487/straightening-irons.html?g=y,"6,987",idle
371,Health & Beauty,Hair Dryers,Hair Care & Styling,http://www.aliexpress.com/category/200002483/hair-dryers.html?g=y,"2,407",idle
372,Health & Beauty,Hair Rollers,Hair Care & Styling,http://www.aliexpress.com/category/200002484/hair-rollers.html?g=y,15,idle
373,Health & Beauty,Hair Color,Hair Care & Styling,http://www.aliexpress.com/category/200002462/hair-color.html?g=y,"2,117",idle
374,Health & Beauty,Hair Loss Products,Hair Care & Styling,http://www.aliexpress.com/category/200002463/hair-loss-products.html?g=y,"2,410",idle
375,Automobiles & Motorcycles,Car Lights,Replacement Parts,http://www.aliexpress.com/category/200000293/lights-indicators.html,"187,001",idle
376,Automobiles & Motorcycles,Engines & Components,Replacement Parts,http://www.aliexpress.com/category/200000238/engine.html?&g=y,"114,573",idle
377,Automobiles & Motorcycles,Exhaust & Exhaust Systems,Replacement Parts,http://www.aliexpress.com/category/200000245/exhaust-exhaust-systems.html?&g=y,"14,560",idle
378,Automobiles & Motorcycles,Air Intake System,Replacement Parts,http://www.aliexpress.com/category/200000210/air-intakes.html?&g=y,"43,706",idle
379,Automobiles & Motorcycles,"Wheels, Rims & Accessories",Replacement Parts,http://www.aliexpress.com/category/200000314/wheels-rims-accessories.html?&g=y,"25,266",idle
380,Automobiles & Motorcycles,Suspension & Steering,Replacement Parts,http://www.aliexpress.com/category/200000312/suspension.html?&g=y,"21,843",idle
381,Automobiles & Motorcycles,Air-conditioning Installation,Replacement Parts,http://www.aliexpress.com/category/200000259/air-conditioning-installation.html?&g=y,"20,148",idle
382,Automobiles & Motorcycles,Ignition,Replacement Parts,http://www.aliexpress.com/category/200000255/ignition.html?&g=y,"18,920",idle
383,Automobiles & Motorcycles,Diagnostic Tools,"Tools, Maintenance & Care",http://www.aliexpress.com/category/200000322/diagnostic-tools.html?&g=y,"166,391",idle
384,Automobiles & Motorcycles,Code Readers & Scan Tools,"Tools, Maintenance & Care",http://www.aliexpress.com/category/200000505/code-readers-scan-tools.html,"48,149",idle
385,Automobiles & Motorcycles,Car Washer,"Tools, Maintenance & Care",http://www.aliexpress.com/category/100003150/car-washer.html,"3,891",idle
386,Automobiles & Motorcycles,Paint Care,"Tools, Maintenance & Care",http://www.aliexpress.com/category/200000331/paint-care.html?&g=y,"2,252",idle
387,Automobiles & Motorcycles,"Sponges, Cloths & Brushes","Tools, Maintenance & Care",http://www.aliexpress.com/category/200000360/sponges-cloths-brushes.html?&g=y,"8,573",idle
388,Automobiles & Motorcycles,Car DVD,Car Electronics,http://www.aliexpress.com/category/200003574/car-dvd.html,"100,493",idle
389,Automobiles & Motorcycles,DVR/Camera,Car Electronics,http://www.aliexpress.com/category/200004824/car-camera.html?&g=y,"51,158",idle
390,Automobiles & Motorcycles,Alarm Systems & Security,Car Electronics,http://www.aliexpress.com/category/200000168/tire-pressure-alarm.html,"74,612",idle
391,Automobiles & Motorcycles,GPS & Accessories,Car Electronics,http://www.aliexpress.com/category/200003013/gps-accessories.html?&g=y,"36,268",idle
392,Automobiles & Motorcycles,Audio,Car Electronics,http://www.aliexpress.com/category/200000576/audio.html,"33,208",idle
393,Automobiles & Motorcycles,Parking Sensors,Car Electronics,http://www.aliexpress.com/category/200004829/parking-sensors.html?&g=y,"34,687",idle
394,Automobiles & Motorcycles,Rear View Camera,Car Electronics,http://www.aliexpress.com/category/200004828/rear-view-camera.html?&g=y,"14,714",idle
395,Automobiles & Motorcycles,Car Electrical Appliances,Car Electronics,http://www.aliexpress.com/category/200004816/car-electrical-appliances.html?&g=y,"21,327",idle
396,Automobiles & Motorcycles,Radar Detectors,Car Electronics,http://www.aliexpress.com/category/200004775/radar-detectors.html?&g=y,"3,281",idle
397,Automobiles & Motorcycles,Car Charger,Car Electronics,http://www.aliexpress.com/category/200003722/car-charger.html,"16,289",idle
398,Automobiles & Motorcycles,Car Stickers,Exterior Accessories,http://www.aliexpress.com/category/200000595/stickers.html,"188,905",idle
399,Automobiles & Motorcycles,Car Covers,Exterior Accessories,http://www.aliexpress.com/category/200000177/car-covers.html,"6,261",idle
400,Automobiles & Motorcycles,Styling Mouldings,Exterior Accessories,http://www.aliexpress.com/category/200000229/styling-mouldings.html?&g=y,"4,385",idle
401,Automobiles & Motorcycles,Motorcycle Boots,Motorcycle Accessories & Parts,http://www.aliexpress.com/category/200004781/motocycle-boots.html?&g=y,"1,585",idle
402,Automobiles & Motorcycles,Covers & Ornamental Mouldings,Motorcycle Accessories & Parts,http://www.aliexpress.com/category/200000460/covers-ornamental-mouldings.html?&g=y,"643,006",idle
403,Automobiles & Motorcycles,Lighting,Motorcycle Accessories & Parts,http://www.aliexpress.com/category/200000480/lighting.html?&g=y,"69,957",idle
404,Automobiles & Motorcycles,Motorcycle Brakes,Motorcycle Accessories & Parts,http://www.aliexpress.com/category/200000425/brakes.html?&g=y,"295,835",idle
405,Automobiles & Motorcycles,Helmets,Motorcycle Accessories & Parts,http://www.aliexpress.com/category/200000493/helmets.html?&g=y,"17,043",idle
406,Automobiles & Motorcycles,Gloves,Motorcycle Accessories & Parts,http://www.aliexpress.com/category/200000492/gloves.html?&g=y,"7,350",idle
407,Automobiles & Motorcycles,Exhaust & Exhaust Systems,Motorcycle Accessories & Parts,http://www.aliexpress.com/category/200000451/exhaust-exhaust-systems.html?&g=y,"14,923",idle
408,Automobiles & Motorcycles,Helmet Headset,Motorcycle Accessories & Parts,http://www.aliexpress.com/category/200001119/helmet-headsets.html?&g=y,"2,877",idle
409,Automobiles & Motorcycles,Seat Covers,Interior Accessories,http://www.aliexpress.com/category/200000186/seat-covers.html?&g=y,"53,322",idle
410,Automobiles & Motorcycles,Steering Covers,Interior Accessories,http://www.aliexpress.com/category/200004822/steering-covers.html?&g=y,"15,385",idle
411,Automobiles & Motorcycles,Key Rings,Interior Accessories,http://www.aliexpress.com/category/200000590/key-rings.html,"24,117",idle
412,Automobiles & Motorcycles,Mounts & Holder,Interior Accessories,http://www.aliexpress.com/category/200004793/mounts-holder.html?g=y,"182,742",idle
413,Automobiles & Motorcycles,Floor Mats,Interior Accessories,http://www.aliexpress.com/category/200000180/floor-mats.html,"59,107",idle
414,Home Improvement,Hand Tools,Tools,http://www.aliexpress.com/category/142003/hand-tools.html,"97,632",idle
415,Home Improvement,Power Tools,Tools,http://www.aliexpress.com/category/1417/power-tools.html,"96,538",idle
416,Home Improvement,Power Tool Accessories,Tools,http://www.aliexpress.com/category/100006906/power-tool-accessories.html,"16,526",idle
417,Home Improvement,Measuring Tools,Tools,http://www.aliexpress.com/category/1537/measurement-analysis-instruments.html,"261,754",idle
418,Home Improvement,Tool Sets,Tools,http://www.aliexpress.com/category/100006919/tool-sets.html,"18,330",idle
419,Home Improvement,Abrasive Tools,Tools,http://www.aliexpress.com/category/4204/abrasive-tools.html,"21,966",idle
420,Home Improvement,Ceiling Lights,Indoor Lighting,http://www.aliexpress.com/category/39050502/ceiling-lights.html,"38,351",idle
421,Home Improvement,Pendant Lights,Indoor Lighting,http://www.aliexpress.com/category/200002279/pendant-lights.html,"72,711",idle
422,Home Improvement,Downlights,Indoor Lighting,http://www.aliexpress.com/category/39050505/downlights.html,"20,387",idle
423,Home Improvement,Chandeliers,Indoor Lighting,http://www.aliexpress.com/category/39050504/chandeliers.html,"33,785",idle
424,Home Improvement,Wall Lamps,Indoor Lighting,http://www.aliexpress.com/category/39050510/wall-lamps.html,"46,310",idle
425,Home Improvement,Night Lights,Indoor Lighting,http://www.aliexpress.com/category/39050508/night-lights.html,"27,237",idle
426,Home Improvement,Kitchen Appliances,Home Appliances,http://www.aliexpress.com/category/100000011/kitchen-appliances.html?site=glo&shipCountry=ru&isrefine=y,"22,727",idle
427,Home Improvement,Cleaning Appliances,Home Appliances,http://www.aliexpress.com/category/100000013/cleaning-appliances.html?site=glo&shipCountry=RU&isrefine=y,"5,514",idle
428,Home Improvement,Air Conditioning Appliances,Home Appliances,http://www.aliexpress.com/category/100000050/air-conditioning-appliances.html?site=glo&shipCountry=RU&isrefine=y,"10,542",idle
429,Home Improvement,Water Heaters,Home Appliances,http://www.aliexpress.com/category/100000054/water-heaters.html?site=glo&shipCountry=RU&isrefine=y,610,idle
430,Home Improvement,Laundry Appliances,Home Appliances,http://www.aliexpress.com/category/100000022/laundry-appliance-parts.html?site=glo&shipCountry=RU&isrefine=y,"1,570",idle
431,Home Improvement,Home Appliance Parts,Home Appliances,http://www.aliexpress.com/category/100000016/home-appliance-parts.html?site=glo&shipCountry=ru&isrefine=y,"19,414",idle
432,Home Improvement,LED Strips,LED Lighting,http://www.aliexpress.com/category/200002296/led-strips.html,"39,881",idle
433,Home Improvement,LED Downlights,LED Lighting,http://www.aliexpress.com/category/200002289/led-downlights.html,"11,619",idle
434,Home Improvement,LED Panel Lights,LED Lighting,http://www.aliexpress.com/category/200002295/led-panel-lights.html,"7,891",idle
435,Home Improvement,LED Spotlights,LED Lighting,http://www.aliexpress.com/category/200002300/led-spotlights.html,"9,831",idle
436,Home Improvement,LED Bar Lights,LED Lighting,http://www.aliexpress.com/category/200002293/led-bar-lights.html,"6,553",idle
437,Home Improvement,Light Bulbs,Lights & Lighting,http://www.aliexpress.com/category/150402/light-bulbs.html,"136,335",idle
438,Home Improvement,Outdoor Lighting,Lights & Lighting,http://www.aliexpress.com/category/150401/outdoor-lighting.html,"127,363",idle
439,Home Improvement,Portable Lighting,Lights & Lighting,http://www.aliexpress.com/category/390503/portable-lighting.html,"65,151",idle
440,Home Improvement,Commercial Lighting,Lights & Lighting,http://www.aliexpress.com/category/200003009/commercial-lighting.html,"77,115",idle
441,Home Improvement,Lamps & Shades,Lights & Lighting,http://www.aliexpress.com/category/200214033/lamps-shades.html,"72,036",idle
442,Home Improvement,Book Lights,Lights & Lighting,http://www.aliexpress.com/category/39050501/book-lights.html,"3,052",idle
443,Home Improvement,Flashlights & Torches,Outdoor Lighting,http://www.aliexpress.com/category/150410/flashlights-torches.html,"46,778",idle
444,Home Improvement,Headlamps,Outdoor Lighting,http://www.aliexpress.com/category/39050301/headlamps.html,"15,639",idle
445,Home Improvement,Solar Lamps,Outdoor Lighting,http://www.aliexpress.com/category/39050207/solar-lamps.html,"28,798",idle
446,Home Improvement,Floodlights,Outdoor Lighting,http://www.aliexpress.com/category/39050202/floodlights.html,"16,126",idle
447,Home Improvement,Lighting Strings,Outdoor Lighting,http://www.aliexpress.com/category/200003207/lighting-strings.html,"7,919",idle
448,Home Improvement,Underwater Lights,Outdoor Lighting,http://www.aliexpress.com/category/39050210/underwater-lights.html,"3,713",idle
